"","TOWNCODE","v39","v38","v37","v36","v35","v34","v33","v32","v31","v22","v20","v19","v18","v17","v16","v15","v14","v13","v12","v11","v10","v9","v8","v7"
"1",10002010,2.17647058823529,2.94444444444444,3.05555555555556,2.55555555555556,2.0625,2.76470588235294,2.82352941176471,2.25,2.1875,6.75,7.61111111111111,6.11111111111111,6.52941176470588,6,7.05555555555556,6.83333333333333,6.55555555555556,6.66666666666667,7.05555555555556,7.55555555555556,7.5,1.77777777777778,3.33333333333333,6.66666666666667
"2",10002020,2.16666666666667,3.66666666666667,3.33333333333333,2.83333333333333,2.16666666666667,2.83333333333333,2.33333333333333,2,1.8,7.66666666666667,8,6.66666666666667,7.5,8.16666666666667,8.66666666666667,7,7.5,5.83333333333333,8,8.66666666666667,7.33333333333333,2.5,3.33333333333333,7.83333333333333
"3",10002030,2.66666666666667,2.66666666666667,2.66666666666667,2.16666666666667,2,2.66666666666667,2.5,1.83333333333333,2.16666666666667,6.33333333333333,6.33333333333333,6.16666666666667,7.33333333333333,6.5,7.33333333333333,7,5.83333333333333,6.5,7,7.16666666666667,6.83333333333333,3.66666666666667,4.33333333333333,6.5
"4",10002040,1.75,2.5,2.75,2.5,2,2.5,2.25,1.75,1.75,8.33333333333333,6.75,8.75,7.5,7.5,7.75,8,7.75,6.75,8.25,6.5,7,2.75,3,5.75
"5",10002050,2,3,2.6,2.6,2.25,2.5,1.5,1.5,2.25,8,9,9,7.8,7.8,8,7.6,7.2,7,7.4,8,8,2,4.2,7
"6",10002060,2.5,2,2.5,3.5,2,3.5,2,1.5,1.5,5,5.5,4.5,6,4.5,7,7.5,6,5.5,6,6,7,1,2,8
"7",10002070,2.16666666666667,2.83333333333333,3.16666666666667,3,2,3,2.6,2.8,2.8,9,8.33333333333333,8.14285714285714,7.14285714285714,8.66666666666667,8.83333333333333,7.33333333333333,7.5,6.42857142857143,8.66666666666667,7.71428571428571,9,1.33333333333333,1.5,8.33333333333333
"8",10002080,2.11111111111111,2.55555555555556,3.11111111111111,2,1.88888888888889,2.88888888888889,2.44444444444444,2.33333333333333,2.11111111111111,8,7.55555555555556,7.55555555555556,6.88888888888889,6.625,8,7.44444444444444,7.33333333333333,7.44444444444444,7.22222222222222,7.44444444444444,7.88888888888889,1.66666666666667,1.66666666666667,7.77777777777778
"9",10002090,1.77777777777778,3,3,2.22222222222222,1.88888888888889,2.22222222222222,2.33333333333333,1.88888888888889,2.22222222222222,6.71428571428571,6.66666666666667,6.44444444444444,5.11111111111111,6.55555555555556,6.44444444444444,6.22222222222222,6.44444444444444,6.66666666666667,6.88888888888889,6.77777777777778,6.44444444444444,2.88888888888889,2.33333333333333,6.88888888888889
"10",10002100,1.5,2.5,2.5,2,2,2,2,2,2,5,8,6,5.5,7,7,6.5,5.5,6,6,4,6,3.5,2.5,6.5
"11",10002110,3,3,3,3,3,2.5,2.5,2.5,1.5,5.5,7,7.5,5.5,6.5,5.5,5.5,4.5,6.5,6,6.5,5.5,7,5,4
"12",10004010,1.96153846153846,3.2,3.11538461538462,2.48,2,2.92307692307692,2.52,2.42307692307692,2.32,7.45,8.23076923076923,6.73076923076923,7.26923076923077,6.57692307692308,7.42307692307692,7,6.5,6.53846153846154,7.69230769230769,7.52,7.2,2.16,3.46153846153846,7.57692307692308
"13",10004020,2,3.25,3.22222222222222,2.66666666666667,2,2.5,2.22222222222222,2.125,1.875,7.33333333333333,7.55555555555556,8.22222222222222,7.25,7.22222222222222,8.55555555555556,7.55555555555556,7.66666666666667,8.22222222222222,7.77777777777778,7.55555555555556,8,2.88888888888889,3.125,7.66666666666667
"14",10004030,2,2.4,3,2.6,1.6,2.8,1.8,2.2,2,6.4,7.6,6,5,5.2,6,6.2,4.8,6,5.8,5.4,6.2,4,3.4,6.2
"15",10004040,2.5,3.66666666666667,3.25,2.66666666666667,2.33333333333333,3,2.66666666666667,2,2.66666666666667,7.5,6.25,7,6.75,6,6.5,6.25,5,5,5.5,5.5,5.75,4.25,4.25,6
"16",10004050,2.33333333333333,3,3.16666666666667,2.75,2.08333333333333,2.66666666666667,2.45454545454545,1.91666666666667,2.33333333333333,7,7.16666666666667,6.91666666666667,6.75,6.91666666666667,7.66666666666667,7,6.66666666666667,7.08333333333333,7.16666666666667,7.25,6.91666666666667,1.75,4.16666666666667,7.5
"17",10004060,2.5,3.5,3.25,2.5,1.5,2.5,2.25,1.75,2.25,7.33333333333333,6.25,7,5.25,6,8,7,5.5,6,6.75,7.5,6.75,2.25,4,7.5
"18",10004070,1.5,2,2.5,2,1,2,1.5,1,1.5,4,7,6.5,4.5,6.5,6.5,8.5,5,5,6.5,6.5,4,6,5.5,6
"19",10004080,2.5,3,3.5,3,2,2.5,2.5,2,2.5,5,5.5,5.5,5.5,6,6.5,5.5,5.5,6.5,5.5,5.5,5,2.5,5,5
"20",10004110,2,1,3,3,1,2,3,2,1,9,9,9,8,8,8,8,7,9,9,5,8,2,2,9
"21",10005010,2.07692307692308,2.46153846153846,3,2.58333333333333,2.08333333333333,2.53846153846154,2.46153846153846,1.76923076923077,1.84615384615385,5.66666666666667,6.46153846153846,5.84615384615385,6.38461538461539,6.30769230769231,7.15384615384615,6.92307692307692,6.46153846153846,6.46153846153846,6.66666666666667,6.69230769230769,6.23076923076923,3.92307692307692,4.07692307692308,6.46153846153846
"22",10005020,2.4,2.8,3.2,2.8,2,2.6,2,2.25,2,6.75,7.8,7.8,6.8,7.2,7.6,9,6.2,6.2,7,7.2,6.4,2,3.6,7.2
"23",10005030,2.66666666666667,2.33333333333333,3,3,2.66666666666667,2.33333333333333,3,3,2,5.5,6.33333333333333,4.66666666666667,5.33333333333333,4.33333333333333,6,5.33333333333333,3.66666666666667,5.33333333333333,5.33333333333333,5.66666666666667,4.66666666666667,3.33333333333333,2.66666666666667,3
"24",10005040,2.08333333333333,2.61538461538462,3,3,1.90909090909091,2.5,2.58333333333333,1.91666666666667,1.91666666666667,7.55555555555556,8,7.84615384615385,6.61538461538461,7.07692307692308,7.84615384615385,7.61538461538461,6.07692307692308,6.69230769230769,6.92307692307692,6.61538461538461,6.84615384615385,1.30769230769231,2.69230769230769,6.46153846153846
"25",10005050,1.86666666666667,2.93333333333333,2.6,2.06666666666667,1.6,1.8,2,1.73333333333333,1.73333333333333,6.72727272727273,6.53333333333333,6.06666666666667,5.2,5.66666666666667,5.93333333333333,5.8,5.06666666666667,6.13333333333333,6.4,6.06666666666667,6.6,3.6,4.13333333333333,6.53333333333333
"26",10005060,2,2.5,3,3,1.5,2,2.5,2.5,2.5,8,7.5,6.5,5,6.5,7.5,7.5,6.5,9,7,8.5,6.5,4,3,7.5
"27",10005080,3,3,3,3,2,3,3,3,3,8,8,8,8,8,6,8,8,5,8,8,8,4,4,8
"28",10005100,3,4,3.5,3,2.5,3.5,2.5,3,2.5,10,8,7,7,6.5,8,9,8,7.5,8,7,7.5,1,1.5,8
"29",10005110,1.5,2.5,3,2,1.5,2.5,2,1.5,2,4,5,3,4,6.5,6.5,4,4.5,4.5,5.5,6,6,4,4,5
"30",10005150,2,3,2,2,2,2,2,2,2,5,8,3,3,5,7,7,5,6,5,5,6,5,3,5
"31",10005180,4,4,4,4,3,4,3,3,2,8,8,8,7,7,8,8,8,7,8,8,7,6,7,8
"32",10007010,2.02777777777778,3.08333333333333,2.88888888888889,2.48648648648649,1.77777777777778,2.54054054054054,2.05555555555556,1.94594594594595,1.89189189189189,6.06666666666667,5.59459459459459,5.43243243243243,5.61111111111111,5.72972972972973,6.54054054054054,6.32432432432432,5.56756756756757,6.08108108108108,5.86486486486486,6.24324324324324,5.16216216216216,3.64864864864865,4.32432432432432,6.27027027027027
"33",10007020,1.875,3.22222222222222,3,2.5,1.75,2.625,2,1.625,1.75,6.6,6,7,6.88888888888889,6.11111111111111,7.22222222222222,6.55555555555556,5.33333333333333,6.22222222222222,6.88888888888889,7.77777777777778,6.88888888888889,3.66666666666667,5.11111111111111,6.88888888888889
"34",10007030,2.41666666666667,3.41666666666667,3.33333333333333,2.66666666666667,2.08333333333333,2.66666666666667,2.41666666666667,2.25,2.33333333333333,6.375,6.91666666666667,5.91666666666667,6.08333333333333,6.41666666666667,8.08333333333333,6.91666666666667,6.33333333333333,7.83333333333333,7.58333333333333,7.08333333333333,7.58333333333333,1.16666666666667,1.83333333333333,7.83333333333333
"35",10007040,2,3,2.71428571428571,2.14285714285714,2.28571428571429,2.42857142857143,2,2,2.14285714285714,7.6,6,7.14285714285714,6.28571428571429,6.85714285714286,7.85714285714286,7.14285714285714,6.42857142857143,7,7.14285714285714,5,6.85714285714286,0.857142857142857,2.42857142857143,8.14285714285714
"36",10007050,2.33333333333333,3.33333333333333,3.16666666666667,2.66666666666667,1.66666666666667,2.83333333333333,2.5,1.83333333333333,2.33333333333333,7.2,6.16666666666667,6.83333333333333,6.83333333333333,5.66666666666667,7,6.66666666666667,6.5,6.66666666666667,6.83333333333333,6.5,6.16666666666667,1.83333333333333,3,6.66666666666667
"37",10007070,2,3,3.66666666666667,2.33333333333333,2,2.66666666666667,2,2,2,6.33333333333333,7.33333333333333,7.33333333333333,5.66666666666667,7.66666666666667,7,6.66666666666667,6,6.66666666666667,6.33333333333333,8,6.33333333333333,1.66666666666667,1,8.66666666666667
"38",10007080,2.33333333333333,2.66666666666667,2.55555555555556,2.55555555555556,2.11111111111111,2.77777777777778,2.44444444444444,2.22222222222222,2.11111111111111,7.33333333333333,7.1,7.2,7.5,7.8,7.9,6.2,7.7,7.9,7.6,7.2,8.1,1.3,1.7,8.8
"39",10007090,2.33333333333333,2.66666666666667,3,2.66666666666667,2,2.5,1.5,1.66666666666667,1.5,7,7,4.66666666666667,4.66666666666667,5.33333333333333,7,4,5,5.33333333333333,5,6.33333333333333,5,4.33333333333333,4,6.33333333333333
"40",10007100,2.53333333333333,2.57142857142857,2.85714285714286,2.28571428571429,1.92307692307692,2.71428571428571,2,1.71428571428571,2,6.57142857142857,6.8,6.73333333333333,5.93333333333333,6.06666666666667,7.2,7.2,6.13333333333333,6.33333333333333,6.66666666666667,5.86666666666667,5.86666666666667,1,3.84615384615385,6.86666666666667
"41",10007110,2,2.55555555555556,2.88888888888889,2.22222222222222,1.5,2.33333333333333,1.88888888888889,1.77777777777778,1.66666666666667,6.25,7,6.55555555555556,4.77777777777778,6,5.77777777777778,7.11111111111111,5.44444444444444,6.22222222222222,5.33333333333333,6.66666666666667,5.88888888888889,3.44444444444444,4.44444444444444,4.88888888888889
"42",10007120,2,2.8,3,2.8,1.8,2.8,2.2,2.4,2.2,8.5,7.2,8.6,7.2,7.6,8,6.8,6.6,7.2,7.8,8.4,7.6,0.2,1.4,8
"43",10007130,2.71428571428571,3.28571428571429,3,2.28571428571429,2,3,2.28571428571429,1.66666666666667,2.14285714285714,4.5,5.42857142857143,5.71428571428571,5.28571428571429,6,6.42857142857143,5.85714285714286,4.42857142857143,5.57142857142857,6.57142857142857,6.57142857142857,4.71428571428571,4.28571428571429,4.71428571428571,4.85714285714286
"44",10007140,2.75,3,3.25,3.25,2.5,3.25,3,2.5,2.5,6,6.5,7.25,7.25,6.25,8.5,8.25,7,7,7.75,7.25,7.25,2.5,3.5,7.5
"45",10007150,1,3,2,2,1,3,2,2,2,1,8,3,5,5,5,5,5,5,5,5,3,5,5,5
"46",10007160,2,2.75,2.75,2.33333333333333,2,2.66666666666667,2,2,2.33333333333333,5,7.5,4.75,7.25,5.5,7.75,6.75,3.25,4.75,5.5,4.75,6.75,6.25,7,6.5
"47",10007170,2,3,3,4,2,2,3,2,2,5,7,6,5,6,7,6,6,7,5,7,6,2,6,7
"48",10007190,2.33333333333333,3,3.11111111111111,2.66666666666667,1.66666666666667,2.55555555555556,2.55555555555556,2.11111111111111,2.33333333333333,8,6.55555555555556,6.44444444444444,6.88888888888889,6.66666666666667,7.77777777777778,7,6.22222222222222,6.8,7.11111111111111,7.33333333333333,6.77777777777778,1.33333333333333,4.5,6.7
"49",10007200,2.77777777777778,2.88888888888889,3,2.66666666666667,2,2.88888888888889,2.88888888888889,2,2.22222222222222,7.85714285714286,5.77777777777778,5.33333333333333,7.11111111111111,5.44444444444444,5.55555555555556,6.44444444444444,6.33333333333333,6.11111111111111,6.88888888888889,6.22222222222222,7.44444444444444,1.88888888888889,3.88888888888889,7.44444444444444
"50",10007210,2,3.4,3,2.4,1.8,2.8,2.2,1.6,2.4,7,7.2,7,6,5.8,6.4,6.8,6.2,7.4,6,8,6.2,4.4,5.4,8.2
"51",10007220,2.6,3,3,3,2.6,2.4,2.4,1.8,2,5,6.6,7.4,6.6,6,8.2,8.4,6.6,6.6,6.8,7.8,8.4,1.4,3.6,8
"52",10007230,2.66666666666667,3,3,3.25,2,3,2,2,1.5,6.33333333333333,7.5,7.5,7.5,6.25,9,6,5.5,6.75,7.75,6,8.25,1.75,2.75,8.5
"53",10007260,1.8,2.6,3.2,2.2,2,2.6,2.4,2,2.2,7.5,7.4,6.6,6,6.6,8,7.6,5.6,8.2,7,7.2,5.8,2.6,4.4,7
"54",10008010,2.26086956521739,2.95652173913043,2.91304347826087,2.30434782608696,1.91304347826087,2.52173913043478,2.30434782608696,2.17391304347826,1.95652173913043,7.4,6.25,6.79166666666667,6.375,6.75,7.16666666666667,7.04166666666667,6.45833333333333,6.70833333333333,6.58333333333333,7,6.29166666666667,2.04166666666667,3.16666666666667,6.45833333333333
"55",10008020,1.92857142857143,3.57142857142857,2.92857142857143,2.71428571428571,2.42857142857143,2.76923076923077,2.76923076923077,2.30769230769231,2.38461538461538,7.1,7.35714285714286,7.71428571428571,6.85714285714286,7.21428571428571,7.64285714285714,7.57142857142857,6.78571428571429,7.07142857142857,6.92857142857143,7.64285714285714,7.35714285714286,2.14285714285714,2.92857142857143,7.28571428571429
"56",10008030,2.14285714285714,2.86666666666667,3.06666666666667,2.5,2.06666666666667,2.73333333333333,2.35714285714286,2.2,2.35714285714286,6.18181818181818,6.5,6.4375,6.1875,6,6.625,5.875,5.86666666666667,6.125,6.6875,6.9375,6.5625,1.875,2.5625,6.875
"57",10008040,2,2.83333333333333,2.6,2.66666666666667,2.2,2.4,1.8,2,2,7.2,4.83333333333333,7.5,6.83333333333333,8.4,7.4,7.2,7.4,7,7.4,6.4,9,2.2,4.6,8.2
"58",10008050,2.33333333333333,2.33333333333333,2.66666666666667,2.66666666666667,1.66666666666667,3,2.66666666666667,2,2.33333333333333,10,8,7.66666666666667,5.66666666666667,8,5.66666666666667,7.33333333333333,6.33333333333333,6.66666666666667,7,6.33333333333333,6.33333333333333,2.33333333333333,5.66666666666667,7.66666666666667
"59",10008060,2.5,2,2.66666666666667,3,2,2.66666666666667,2.66666666666667,2.66666666666667,2,7.33333333333333,8,7,7,5.33333333333333,8,7,6.33333333333333,7.66666666666667,7,6.66666666666667,7.66666666666667,1.33333333333333,2.33333333333333,8.33333333333333
"60",10008070,3,4,4,3,1,3,3,3,3,8,8,8,6,8,8,8,9,8,7,9,7,1,2,8
"61",10008080,2,2.66666666666667,2.66666666666667,2,2,2.33333333333333,2,2.33333333333333,1.66666666666667,7.5,6.33333333333333,5.66666666666667,5.33333333333333,5.66666666666667,7,6.33333333333333,5.33333333333333,5,6.33333333333333,6.66666666666667,5,4.33333333333333,6,7
"62",10008110,1.33333333333333,1.33333333333333,1.66666666666667,1.33333333333333,1.33333333333333,1.66666666666667,1.33333333333333,1.33333333333333,1.33333333333333,5,6.33333333333333,6.66666666666667,4.33333333333333,5.33333333333333,6,7.33333333333333,5,6,7,6,5,2.33333333333333,2.33333333333333,8.33333333333333
"63",10008130,2,3,1,1,2,1,1,1,1,8,3,10,10,1,0,10,10,10,8,3,5,5,6,10
"64",10009010,2.39285714285714,3,2.96551724137931,2.31034482758621,2.21428571428571,2.53571428571429,2.37037037037037,1.86206896551724,2.14814814814815,7.17647058823529,6.32142857142857,6.32142857142857,6.28571428571429,6.32142857142857,6.85714285714286,6.03448275862069,5.96428571428571,6.32142857142857,6.60714285714286,6.60714285714286,5.64285714285714,2.85714285714286,3.68965517241379,6.06896551724138
"65",10009020,2.25,2.45454545454545,2.66666666666667,2,1.83333333333333,2.25,2.36363636363636,2.09090909090909,1.90909090909091,7,6.83333333333333,7.08333333333333,6.08333333333333,5.25,6.33333333333333,6.66666666666667,5.5,7,6.66666666666667,6.16666666666667,5.58333333333333,3,4.25,6.33333333333333
"66",10009030,2.46153846153846,3.28571428571429,3.23076923076923,2.5,1.84615384615385,2.38461538461538,2.23076923076923,1.92857142857143,2,6.9,6.42857142857143,6.57142857142857,6.38461538461539,6.64285714285714,6.85714285714286,6.5,6.57142857142857,7.28571428571429,7.64285714285714,7.42857142857143,7.57142857142857,1.71428571428571,3.14285714285714,6.92857142857143
"67",10009040,2.2,3.2,2.6,2,1.8,2.6,1.75,2.4,2.2,5.75,5.4,5.2,5,5.6,6.6,6,5.8,6.6,5.2,6.2,5.2,4.6,3.8,6.2
"68",10009050,2.66666666666667,2.75,2.5,2.25,2.5,2.5,2.25,2.25,2,7,6.75,5.33333333333333,6,5.5,7.25,5.66666666666667,6.75,6.33333333333333,6,7,6.5,3.33333333333333,3,5.33333333333333
"69",10009060,1.77777777777778,2.88888888888889,2.66666666666667,2.55555555555556,2.11111111111111,2.66666666666667,2,1.77777777777778,2.125,6.25,6,6.55555555555556,6.55555555555556,6.44444444444444,6.44444444444444,6.33333333333333,6.77777777777778,5.66666666666667,6,6,6.44444444444444,4.33333333333333,4.22222222222222,6.22222222222222
"70",10009070,2,2,1,1,2,3,2,2,2,10,8,10,10,5,8,8,10,10,10,10,10,5,0,8
"71",10009080,2,2,2,2,2,3,2,2,2,7,7,5,7,7,7,7,7,5,7,7,7,5,5,7
"72",10009090,2.25,2.33333333333333,2.5,1.66666666666667,2.33333333333333,2.75,2,1.66666666666667,1.66666666666667,8.25,8,7.5,7,5.75,7.75,7.5,7.75,7.5,8,6,7,2.5,3,7.5
"73",10009110,2.16666666666667,3.33333333333333,2.83333333333333,2,2.33333333333333,2.66666666666667,2,2.33333333333333,2.5,7.4,6.83333333333333,7.16666666666667,7,6.5,7.16666666666667,8.16666666666667,7.16666666666667,7.33333333333333,7.83333333333333,7.83333333333333,7.5,3.33333333333333,4,7.5
"74",10009120,2.5,2.5,2.5,2,1,2.5,1.5,1,1.5,2,6,6.5,6,6.5,6.5,6,4.5,5,5.5,5.5,6.5,3.5,2.5,8.5
"75",10009130,1,2.66666666666667,3.33333333333333,2.66666666666667,2.33333333333333,3,2,1,2.66666666666667,6,3.33333333333333,7.66666666666667,6.66666666666667,6.66666666666667,7.33333333333333,6,3,6.66666666666667,6.33333333333333,5,6.66666666666667,1,0.666666666666667,4
"76",10009140,2.5,3,3,3.5,2.5,3,3,1.5,2,6,6,8.5,7.5,7.5,7.5,8,7,4.5,7,7,7,1,2,7.5
"77",10009150,2,2,2,1.5,2,1.5,1,1,1,6,3,3.5,4,3,4.5,5.5,4.5,4.5,4,4.5,4.5,5,5,3
"78",10009160,3,3.5,2.5,2.5,1,3,1,3,3,5,5.5,9,9,2,8,5,3,6,6,6,5,1.5,2.5,8
"79",10009180,2,3.5,3.33333333333333,2,1.5,1.5,2.5,2,1.5,5.5,4.66666666666667,6.33333333333333,6.33333333333333,5.33333333333333,6.66666666666667,7.33333333333333,5.66666666666667,5.66666666666667,6,5.66666666666667,6,2.5,2.5,7
"80",10009190,3,4,3,3.5,2.5,3,3,2,3,8,4.5,5,5.5,6,5.5,6.5,5,6,8,6.5,7.5,3,2.5,8
"81",10009200,2,3,3,2.5,2,3,2,2,2,6.5,6,5.5,5.5,8,8,6.5,5,5,8,5.5,6,3.5,2.5,6
"82",10010010,2.14285714285714,3,3,2.85714285714286,1.71428571428571,2.71428571428571,2.85714285714286,2.28571428571429,2,7,6.85714285714286,7,7.28571428571429,5.57142857142857,7.85714285714286,7.28571428571429,5.57142857142857,7,7.71428571428571,8,7.71428571428571,1.14285714285714,2.14285714285714,6.57142857142857
"83",10010020,2,3,3,2.3,1.7,2.55555555555556,2.1,2,2,7.5,7.4,7.1,7.4,6.9,7.5,6.9,6.5,7.2,6.4,7.1,7,2,2.8,7.9
"84",10010030,2.5,2.5,2.5,2.5,2,3,2.5,2,2.5,3,4.5,5,4.5,4,5.5,6,5.5,6,6,6,6,2,5.5,7
"85",10010040,2.75,2.75,3,3,1.5,2.75,2.75,1.66666666666667,1.75,5.75,6.25,5,5.5,5,5.75,5.5,5.5,5.25,6.5,5.5,5.75,4.25,5.25,5.5
"86",10010050,2,2.58333333333333,2.91666666666667,2,1.83333333333333,2.41666666666667,1.83333333333333,1.54545454545455,1.66666666666667,5.33333333333333,6.16666666666667,5.16666666666667,4.5,5.33333333333333,6.41666666666667,6.5,5.16666666666667,6.25,4.75,5.25,5.16666666666667,3.33333333333333,4.83333333333333,5.33333333333333
"87",10010070,3,3.5,3.25,3.25,2.75,2.75,2.75,2.75,2.75,9,7.25,6.25,6.25,6.5,7.25,6,5.5,6.75,8.25,6.75,7,1.25,3,5.75
"88",10010080,2,4,4,3,2,2,2,2,2,9,9,8,9,9,8,8,8,8,8,7,7,0,4,6
"89",10010090,2.5,3.5,3.5,1.5,2,3,2.5,2,2,6,5,4,4,5.5,4,6,3.5,3.5,5,6,5.5,3.5,5.5,6
"90",10010100,1,3,3,2,2,2,2,2,2,7,6,6,7,7,6,7,7,7,6,6,6,3,3,8
"91",10010110,2,3,3,2,2.5,3,2.5,2,2,7.5,5.5,6,6.5,6.5,6,6.5,6,6,7.5,5.5,4.5,2.5,2.5,7.5
"92",10010120,2.11111111111111,2.88888888888889,3,2.44444444444444,2.33333333333333,2.77777777777778,2.125,1.75,2.125,5.66666666666667,7,6.88888888888889,6,6.33333333333333,6.55555555555556,6.88888888888889,6.11111111111111,5.88888888888889,7.66666666666667,7.22222222222222,7.55555555555556,4,4,6.33333333333333
"93",10010130,2.66666666666667,3,2.84615384615385,2.61538461538462,2.33333333333333,2.66666666666667,2.5,2.15384615384615,2.23076923076923,6.16666666666667,6.84615384615385,7.23076923076923,6.69230769230769,7.15384615384615,7.15384615384615,6.53846153846154,5.84615384615385,7.30769230769231,6.84615384615385,6.58333333333333,6.08333333333333,2.69230769230769,3.15384615384615,6.75
"94",10010140,2.33333333333333,2.66666666666667,2.66666666666667,2.33333333333333,2,3,2.66666666666667,1.66666666666667,2,3.5,7.66666666666667,4.66666666666667,2.33333333333333,5,6,6.66666666666667,3.66666666666667,6,5.66666666666667,5,3.66666666666667,1.33333333333333,4,4.66666666666667
"95",10010150,2,3.33333333333333,3.33333333333333,2.33333333333333,1.66666666666667,2.66666666666667,2.33333333333333,2.33333333333333,2,9.5,8,6.66666666666667,7,6.66666666666667,7.66666666666667,8.66666666666667,7,6.33333333333333,7,6,7.66666666666667,1.66666666666667,2,6.33333333333333
"96",10010160,4,1,4,2,4,3,3,2,3,10,10,10,5,5,5,5,10,0,5,10,0,2,2,8
"97",10010180,1,1,1,3,1,2,1,1,1,5,5,5,3,5,5,5,5,5,5,10,10,0,8,8
"98",10013010,1.94871794871795,2.84615384615385,2.76923076923077,2.34210526315789,2.02631578947368,2.47222222222222,2.26315789473684,1.94736842105263,1.89189189189189,7.31818181818182,6.51282051282051,6.56410256410256,6.48717948717949,6.07894736842105,6.58974358974359,6.87179487179487,6.68421052631579,6.57894736842105,6.8974358974359,7.23076923076923,6.56410256410256,2.8974358974359,3.94871794871795,6.46153846153846
"99",10013020,2.11111111111111,3.1,3.1,2.6,2.22222222222222,2.55555555555556,2.44444444444444,2,2.44444444444444,7.42857142857143,6.4,6.2,6.4,6.2,7.3,7,6.1,6.9,7.1,6.7,7.6,1.7,2.6,6.9
"100",10013040,2.5,3.21428571428571,3.5,2.42857142857143,2.21428571428571,2.64285714285714,2.35714285714286,2,2.14285714285714,6.88888888888889,7.57142857142857,7.21428571428571,7.07142857142857,7.35714285714286,8,7.21428571428571,6.78571428571429,6.78571428571429,7.14285714285714,6.42857142857143,6.64285714285714,1.71428571428571,3,7.78571428571429
"101",10013050,1.5,3,2.66666666666667,2,2,2.5,2,2,1.5,5.5,7,6,6,7,6.33333333333333,7.66666666666667,4.33333333333333,6.33333333333333,5.66666666666667,4.66666666666667,5.5,2.33333333333333,4.66666666666667,6.33333333333333
"102",10013070,2,4,4,2,2,3,2,2,2,10,10,5,7,7,10,10,9,10,8,6,5,7,10,4
"103",10013080,2,3,2.33333333333333,1,2,3,1.33333333333333,1.33333333333333,1.66666666666667,8.5,6.66666666666667,7.33333333333333,7,7,3,7.33333333333333,5.33333333333333,6.66666666666667,7,6,3.33333333333333,5.33333333333333,3.5,4
"104",10013100,2.33333333333333,3.66666666666667,3.33333333333333,2.66666666666667,2.33333333333333,3,2.5,2.33333333333333,2.33333333333333,7.33333333333333,7,7.66666666666667,6.66666666666667,7,8,7.66666666666667,7,7.33333333333333,7,8,5.66666666666667,3.66666666666667,1.66666666666667,6.33333333333333
"105",10013110,2.5,2.5,3.5,3.33333333333333,2,2,2,1,2,10,9,9,7.66666666666667,8,7.66666666666667,9,6.5,10,7,7.33333333333333,6,0,1.5,6
"106",10013130,2,3,2.875,2.125,2,2.5,2.375,1.625,1.875,7,7.25,6.875,6.375,7,7.5,6.625,5.875,6.125,6.25,5.875,7.125,2.625,4.25,7.125
"107",10013140,2.25,2.5,2.75,2,1.5,3,3.25,2,2.25,8.33333333333333,8.25,7.5,7,6.5,7.5,7.25,7.25,6,7,6.5,7.5,2.25,2.5,7
"108",10013150,3,3,4,3,2,3,4,3,3,8,9,7,8,8,8,7,7,8,8,8,8,1,2,8
"109",10013160,1.66666666666667,3.33333333333333,2.66666666666667,2.33333333333333,2.33333333333333,2.66666666666667,1.66666666666667,1.66666666666667,2,6,6,5,5.33333333333333,5,7,6.66666666666667,5.33333333333333,7,6,6,6,3.33333333333333,3,6.33333333333333
"110",10013170,2,3.4,2.6,2,2,3.2,2.25,1.8,2.25,7.2,6.2,6,6.4,6.6,6.2,5.6,5.8,7,5.8,7,6.8,1.6,2,8.4
"111",10013190,2,4,4,3,3,3,2,2,2,8,6,5,8,7,8,5,6,9,6,6,5,3,5,7
"112",10013210,1.66666666666667,3,3,2.66666666666667,2,2.66666666666667,2.33333333333333,1.66666666666667,2.66666666666667,6.5,5,6.33333333333333,6.33333333333333,4.33333333333333,5.66666666666667,4.33333333333333,6,4.33333333333333,4.33333333333333,6.33333333333333,4.33333333333333,4,7.66666666666667,6.66666666666667
"113",10013230,2.66666666666667,2.33333333333333,2.33333333333333,2,1.66666666666667,2.33333333333333,2,1.66666666666667,1.66666666666667,8,8.33333333333333,7.66666666666667,6.66666666666667,6.33333333333333,7,6.66666666666667,6.33333333333333,7.33333333333333,6,6.33333333333333,5,5.66666666666667,5,7
"114",10013300,2,4,3,1,1,1,3,2,2,9,6,9,9,9,9,9,8,9,7,6,8,0,2,8
"115",10013360,2.8,3.2,3.2,2.2,1.8,2.6,2.2,1.8,2.4,7.75,6.2,6.8,7.4,4.8,6.8,6.8,6.4,6,5.4,5.6,5.4,2.8,3.6,5.8
"116",10014010,1.88888888888889,2.94444444444444,3.22222222222222,2.11111111111111,1.77777777777778,2.72222222222222,2.11111111111111,2.05555555555556,1.88888888888889,7.36363636363636,7.5,7.83333333333333,6.22222222222222,6.23529411764706,7.11111111111111,7.22222222222222,6.11111111111111,7.05555555555556,6.77777777777778,7.16666666666667,7.05555555555556,2.11111111111111,3,7.38888888888889
"117",10014020,1,2,3,2,2,2,2,3,1,9,10,9,9,9,9,9,6,3,9,9,8,5,6,9
"118",10014030,2.66666666666667,2.66666666666667,2,2.33333333333333,2,2.33333333333333,2,2,2,10,8,4.33333333333333,4.33333333333333,7.33333333333333,6.66666666666667,5.33333333333333,5.66666666666667,5.66666666666667,5.66666666666667,6,5,6.66666666666667,5,5.66666666666667
"119",10014070,2,3,3,3,2.5,2.5,2,1,2,10,7.5,10,9,6,10,8.5,10,6.5,9,10,10,1,1,8.5
"120",10015010,2.2,2.9,3.2,2.1,1.6,2.8,2.4,1.7,2,6.11111111111111,6.7,5.6,5.7,5.77777777777778,6.4,6,5.3,5.2,6,6.5,6,1.2,2.5,6.7
"121",10015020,1,4,3,3,2,3,3,2,1,8,7,6,6,7,8,8,7,7,8,6,7,0,2,8
"122",10015040,1.5,3,3,2.5,2.5,2.5,2.5,2.5,2.5,10,8.5,8,6.5,6.5,8,6.5,6,8,7.5,8.5,7.5,0,1.5,6.5
"123",10015050,2.07692307692308,3.15384615384615,3.07692307692308,2.23076923076923,1.84615384615385,2.15384615384615,2.23076923076923,2,2.08333333333333,6.14285714285714,7,6.38461538461539,5.69230769230769,5.30769230769231,7.30769230769231,7.61538461538461,6,5.61538461538461,6.61538461538461,6.07692307692308,6,2.53846153846154,4.53846153846154,6
"124",10015090,2,1,3,3,1,2,2,3,1,8,8,6,8,8,8,8,5,7,7,6,8,0,3,7
"125",10015110,2.5,4,3.5,2,1.5,2,2,2.5,2.5,8,7,7.5,6,7,6,7,7.5,2.5,9,7.5,6.5,0.5,1.5,8.5
"126",10017010,2.33333333333333,3.16666666666667,2.83333333333333,2.33333333333333,1.33333333333333,2,2.4,1.5,2,7.8,7.33333333333333,6.66666666666667,7,5.66666666666667,6.5,7.5,5.66666666666667,7.16666666666667,8,8,6.83333333333333,1.5,3.16666666666667,8.83333333333333
"127",10017020,2.33333333333333,3.66666666666667,3.33333333333333,2.66666666666667,2.33333333333333,2,2.33333333333333,1.66666666666667,2,7,3.33333333333333,3.66666666666667,4,4.66666666666667,6.33333333333333,7.33333333333333,5.66666666666667,3.66666666666667,5,5.66666666666667,5.33333333333333,2.66666666666667,5,7
"128",10017030,2.33333333333333,3.11111111111111,3,2.77777777777778,1.875,2.625,2.25,2.33333333333333,2.375,8,6.77777777777778,6.55555555555556,7.33333333333333,6.55555555555556,6.77777777777778,7.77777777777778,6.55555555555556,7,7.66666666666667,7.55555555555556,6.66666666666667,2.22222222222222,3.11111111111111,7.55555555555556
"129",10017040,1.33333333333333,2,3,2,2,2.66666666666667,2.33333333333333,2.33333333333333,2,8,5.66666666666667,6.33333333333333,4.33333333333333,3.66666666666667,6,4.33333333333333,4.66666666666667,4,5.66666666666667,5,5,4.33333333333333,5,6
"130",10017050,2,3.14285714285714,2.71428571428571,2.14285714285714,2.14285714285714,2.71428571428571,2.28571428571429,1.85714285714286,2.28571428571429,8.2,7,8.14285714285714,7.28571428571429,6.14285714285714,7.71428571428571,7.57142857142857,7,7.28571428571429,8,7.85714285714286,6.85714285714286,2.42857142857143,3.57142857142857,8.28571428571429
"131",10017060,2.125,2.625,2.875,2.125,1.625,2.125,2,1.75,1.75,6.375,6.75,6.75,5.5,6,7,7.25,5.25,7.5,6.625,6.375,6.875,2.875,4,6.375
"132",10017070,2.42857142857143,3.42857142857143,3.14285714285714,2.28571428571429,1.42857142857143,2.28571428571429,2.28571428571429,1.71428571428571,1.71428571428571,7,7.28571428571429,7.85714285714286,6.14285714285714,6.71428571428571,7.71428571428571,8.28571428571429,7,7.71428571428571,7.57142857142857,7.42857142857143,7.71428571428571,0.857142857142857,1,7.71428571428571
"133",10018010,2.40909090909091,2.68181818181818,2.95652173913043,2.52380952380952,1.86363636363636,2.45454545454545,2.38095238095238,2,2.18181818181818,7,7.26086956521739,6.73913043478261,6.39130434782609,6.1304347826087,7.34782608695652,6.56521739130435,6.17391304347826,6.43478260869565,7.30434782608696,7.17391304347826,7.69565217391304,2.43478260869565,3.17391304347826,6.65217391304348
"134",10018020,2.14285714285714,2.92857142857143,2.92857142857143,2.30769230769231,1.64285714285714,2.42857142857143,2.28571428571429,1.85714285714286,1.78571428571429,7,6.85714285714286,6,6.35714285714286,6.21428571428571,7.14285714285714,6.5,6.71428571428571,7.14285714285714,6.85714285714286,7.28571428571429,6.71428571428571,1.5,3.42857142857143,6.78571428571429
"135",10018030,2.6,2.83333333333333,2.83333333333333,2.33333333333333,1.83333333333333,2.66666666666667,2.2,2.2,2.5,7.4,7,7,8,6.66666666666667,8,6.83333333333333,7.16666666666667,7.33333333333333,6.83333333333333,8.5,8.33333333333333,1.83333333333333,2.66666666666667,8.5
"136",10020010,2.31578947368421,3.26315789473684,3.15789473684211,2.42105263157895,1.72222222222222,2.63157894736842,2.57894736842105,1.89473684210526,2,8,7.6,7.55,6.95,7.25,7.15,7.68421052631579,6.95,7.3,7.9,7.65,7.35,1.68421052631579,2.5,7.6
"137",10020020,2.2,3.1,3,2.35,1.85,2.52631578947368,2.15,1.7,2,7.5,6.25,6.95,6,6.8,7,7.35,6.55,7.25,6.95,6.9,7.2,2.65,3.5,7.45
"138",63000010,2,2.625,2.8,2.4,1.5,2.3125,2.33333333333333,1.8,1.73333333333333,6.5,6.5625,6.0625,6.06666666666667,6.5625,7.25,6.375,6.3125,6.8125,6.4375,6.6875,6.3125,1.6875,3.1875,7.1875
"139",63000020,2.15,2.9,2.75,2.6,1.65,2.75,2.55,2.1,2.05,7.25,7.55,6.8,6.45,6.45,7.55,6.9,6.95,6.75,7.45,7.2,7.35,1.55,2.7,7.55
"140",63000030,2.18181818181818,2.76470588235294,2.88235294117647,2.44117647058824,1.67647058823529,2.39393939393939,2.38235294117647,1.85294117647059,1.79411764705882,7.55,6.91176470588235,7.47058823529412,6.20588235294118,6.44117647058824,7.47058823529412,7,6.47058823529412,6.73529411764706,7.17647058823529,7.35294117647059,6.61764705882353,1.55882352941176,2.44117647058824,7.52941176470588
"141",63000040,2.35483870967742,3.03225806451613,3.16129032258065,2.51612903225806,1.90322580645161,2.80645161290323,2.51612903225806,2.03225806451613,2.03225806451613,7.09523809523809,6.7741935483871,6.83870967741935,6.7741935483871,5.7741935483871,7.38709677419355,7.2258064516129,6.2258064516129,6.83870967741935,6.74193548387097,7.16129032258065,6.61290322580645,1.61290322580645,3.19354838709677,7.09677419354839
"142",63000050,2.33333333333333,2.77777777777778,3.11111111111111,2,1.77777777777778,2.88888888888889,2.22222222222222,2,2.11111111111111,7.5,6.55555555555556,6.22222222222222,6.55555555555556,6,6.66666666666667,6.55555555555556,6.33333333333333,6,6.77777777777778,7.66666666666667,6.55555555555556,3,4.22222222222222,6.66666666666667
"143",63000060,1.7,2.5,2.6,2.1,1.66666666666667,2.6,1.9,1.5,1.77777777777778,7.71428571428571,7.2,7.7,6.66666666666667,6.9,7.22222222222222,7,6.8,6.5,7.2,7.2,6.5,1.5,1.8,7.6
"144",63000070,2.5,3.21428571428571,3.14285714285714,2.92307692307692,1.92307692307692,2.35714285714286,2.64285714285714,2.14285714285714,2.28571428571429,7,5.14285714285714,6.64285714285714,5.85714285714286,6.21428571428571,6.78571428571429,6.28571428571429,6.57142857142857,6.57142857142857,6.78571428571429,7.42857142857143,6.07142857142857,2.42857142857143,2.92857142857143,6.92857142857143
"145",63000080,2.33333333333333,2.88888888888889,2.88888888888889,2.38888888888889,2.05555555555556,2.61111111111111,2.5,2.11111111111111,2.16666666666667,7,7.61111111111111,7.22222222222222,6.72222222222222,6.16666666666667,8.11111111111111,7.27777777777778,6.77777777777778,6.61111111111111,7.11111111111111,7.11111111111111,6.72222222222222,1.83333333333333,3.44444444444444,6.94444444444444
"146",63000090,2.4,3.1,2.9,2.4,1.8,2.1,1.9,1.6,1.6,6.14285714285714,6.5,7.2,7.1,6.2,6.8,6.2,6.3,7.3,7,7.1,6.5,1.3,3.1,7.4
"147",63000100,2.04166666666667,2.79166666666667,2.875,2.54166666666667,1.95833333333333,2.43478260869565,2.33333333333333,2.04166666666667,2.04166666666667,7.35294117647059,7.04166666666667,7.29166666666667,6.45833333333333,6.5,7.16666666666667,6.83333333333333,6.70833333333333,6.875,7.20833333333333,7.04166666666667,6.25,2.33333333333333,3.33333333333333,6.5
"148",63000110,2.3,2.85,3,2.5,1.65,2.6,2.25,1.65,1.95,6.9375,7.55,6.68421052631579,6.25,6.35,7.15,7.15,6.65,6.73684210526316,7.25,7.1,7.2,2.2,3.65,7.15
"149",63000120,1.69230769230769,3.07692307692308,2.84615384615385,2.46153846153846,1.76923076923077,2.69230769230769,2.15384615384615,1.92307692307692,2.07692307692308,7.6,7.07692307692308,7.69230769230769,6.84615384615385,6.23076923076923,8,7.30769230769231,7,6.53846153846154,7.69230769230769,7.76923076923077,6.84615384615385,2,2.76923076923077,6.84615384615385
"150",64000010,2,3.33333333333333,3,2.33333333333333,2.66666666666667,3,3,3,2.33333333333333,7,7.33333333333333,6,7.33333333333333,6.33333333333333,7.33333333333333,7.66666666666667,6.66666666666667,7.33333333333333,7.66666666666667,8,7.66666666666667,3.33333333333333,4,8
"151",64000020,2.16,3,2.92,2.52,1.96,2.64,2.56,2.04,1.96,7.46666666666667,7.04,6.56,5.96,6.24,7.28,6.6,6.64,7,6.92,7.12,6.72,1.8,3.64,6.88
"152",64000030,2.13636363636364,3.09090909090909,3.04545454545455,2.21739130434783,1.90909090909091,2.65217391304348,2,1.76190476190476,2,6.08333333333333,6.78260869565217,6.82608695652174,6.1304347826087,6.40909090909091,6.95652173913043,6.8695652173913,6.21739130434783,6.43478260869565,6.43478260869565,6.56521739130435,6.17391304347826,2.68181818181818,3.40909090909091,6.68181818181818
"153",64000040,1.84210526315789,3.05263157894737,2.89473684210526,2.10526315789474,2,2.68421052631579,2,1.66666666666667,1.88888888888889,7.18181818181818,6.57894736842105,5.63157894736842,6.15789473684211,5.73684210526316,6.31578947368421,6,5.63157894736842,6.42105263157895,6.42105263157895,6.63157894736842,6.52631578947368,3.31578947368421,3.94736842105263,6.31578947368421
"154",64000050,2.33333333333333,2.97777777777778,3.06666666666667,2.26666666666667,1.73333333333333,3.04444444444444,2.33333333333333,1.88888888888889,2,6.9,6.68888888888889,5.84444444444444,6.26666666666667,5.66666666666667,6.68888888888889,6.48888888888889,6.13333333333333,6.37777777777778,6.77777777777778,6.53333333333333,6.42222222222222,2.29545454545455,2.47727272727273,6.08888888888889
"155",64000060,2,2.6,2.6,2.4,2,2.6,2,1.6,2,8,5.8,6.2,7.4,4.2,6,7.2,7.2,6.8,6.8,7.4,6.2,3,5.8,6.8
"156",64000080,2.13636363636364,2.81818181818182,2.72727272727273,2.19047619047619,1.86363636363636,2.76190476190476,2.27272727272727,1.95454545454545,2.14285714285714,7.73333333333333,7,6.77272727272727,6.59090909090909,6.36363636363636,7.13636363636364,6.77272727272727,6.63636363636364,7.36363636363636,7,7,7.04545454545455,1.90909090909091,2.63636363636364,7.59090909090909
"157",64000090,2.14814814814815,3.03703703703704,2.81481481481481,2.11111111111111,1.77777777777778,2.73076923076923,2.26923076923077,1.77777777777778,1.92592592592593,6.9,6.25925925925926,6.96296296296296,5.88888888888889,5.59259259259259,6.55555555555556,6.62962962962963,6.55555555555556,6.59259259259259,7.22222222222222,6.77777777777778,6.74074074074074,2.25925925925926,4.18518518518519,7.07407407407407
"158",64000100,3,2.5,3,2.5,3,3,3,1.5,2.5,10,7,8.5,7.5,7.5,6.5,8.5,7.5,8,8,8,8.5,1.5,1.5,8.5
"159",64000110,2.1875,2.8125,2.6875,2.5,1.9375,2.6875,2.4375,2.25,2.0625,6.61538461538461,6.1875,6.6875,6.125,6.25,7.0625,5.9375,6.1875,6.875,6.5,6.5,6.4375,3,3.625,6.5625
"160",64000120,2.08823529411765,3,3.12121212121212,2.35294117647059,2.11764705882353,2.66666666666667,2.51612903225806,2.1875,2.21875,6.9,7.02941176470588,6.91176470588235,6.11764705882353,6.70588235294118,7.29411764705882,6.70588235294118,6.35294117647059,6.79411764705882,6.91176470588235,6.70588235294118,6.26470588235294,2.91176470588235,3.97058823529412,6.88235294117647
"161",64000130,1.83333333333333,2.83333333333333,2.66666666666667,2.5,1.6,2.2,1.6,1.4,2,7,5.83333333333333,5.66666666666667,6.5,6.6,6.83333333333333,6,5.66666666666667,6.83333333333333,5.83333333333333,6.33333333333333,6.16666666666667,3.33333333333333,4.66666666666667,6
"162",64000140,2.16666666666667,3.41666666666667,3.33333333333333,2.41666666666667,2,2.6,2,2.1,2.22222222222222,8.11111111111111,6.33333333333333,7.41666666666667,6.58333333333333,6.41666666666667,7.41666666666667,7.16666666666667,6.16666666666667,7.33333333333333,6.91666666666667,7,6.83333333333333,1.41666666666667,2.41666666666667,7.5
"163",64000150,2.25,3.5,3.5,2.75,1.75,3,2.5,2.5,2.25,9,8.25,8.25,8.5,7.75,8.75,9.5,8.5,8.75,9.25,8.75,7.25,2.5,2.5,6.75
"164",64000160,2.5,3.25,3.25,2.5,1.5,2.5,2,2.25,2,8.5,6.5,6.25,7,5.75,7,7,6,7,8,7.5,8,2.25,3.25,7.75
"165",64000170,2.4,2.8,2.5,2.6,2.1,2.1,2.3,2,1.9,7.375,6.4,6.6,6.4,5.8,7.2,7.2,6.9,6.4,7.3,6.7,7.1,1.3,3.8,6
"166",64000180,1.75,3.25,3.75,2.75,2.25,2.5,1.75,1.75,1.75,6.66666666666667,7,7,5.75,6,7,6.5,6.5,7.5,6.75,8.25,7,1.5,3.25,7
"167",64000190,1.55555555555556,2.44444444444444,2.88888888888889,2.11111111111111,1.44444444444444,2.33333333333333,2,1.77777777777778,1.625,5.85714285714286,7,5.22222222222222,5.66666666666667,6.22222222222222,5.88888888888889,6.88888888888889,5.44444444444444,6.66666666666667,5.44444444444444,6.22222222222222,5.44444444444444,4.55555555555556,5.11111111111111,4.22222222222222
"168",64000200,2.71428571428571,3,2.85714285714286,2.71428571428571,2,3,2.42857142857143,1.85714285714286,2.57142857142857,7.42857142857143,7.42857142857143,6.85714285714286,7.85714285714286,7.57142857142857,8.85714285714286,7.85714285714286,8.42857142857143,8.71428571428571,7.57142857142857,7.85714285714286,7,1.14285714285714,1.85714285714286,8.28571428571429
"169",64000210,2.66666666666667,2.66666666666667,2.66666666666667,1.66666666666667,2.33333333333333,3.33333333333333,2.66666666666667,1.33333333333333,2,7.66666666666667,8.66666666666667,8.33333333333333,6.33333333333333,7.66666666666667,7.33333333333333,6.33333333333333,7,6.66666666666667,8,7.66666666666667,6.33333333333333,3.33333333333333,1.66666666666667,8
"170",64000230,3,3,3.25,2.66666666666667,2,3.66666666666667,3,2,2.66666666666667,5.75,6.75,5,5.25,4.5,8.33333333333333,7.25,7.75,7.75,6.33333333333333,6.66666666666667,6.5,2.5,2.75,8.25
"171",64000240,2,2.4,2.6,2.4,2.4,3,2.4,2,2.4,5.66666666666667,7.6,6.4,6.6,5.8,6.4,6.4,6.75,6.6,6.5,6.75,6.4,3.25,4,6.5
"172",64000250,2.25,3.5,3,3,2,3.25,2.5,2,2.5,7.5,6.5,7,6.25,7.5,7.5,7.25,6.25,7,7,7.25,6.75,1.25,1.75,7
"173",64000260,4,3,3,3.5,2,3,3,2.5,3,10,9,5,4.5,9,9,5.5,5.5,7.5,7,8.5,7,0,4,6
"174",64000270,1.5,3,3,2,1.5,2,1.5,1.5,1.5,5,6,8,6,3.5,5.5,6,4,6,3.5,5,6,3.5,6.5,6.5
"175",64000290,2,3.25,3.25,2.75,2.33333333333333,3.25,2.33333333333333,1.66666666666667,2.33333333333333,7.66666666666667,6,5.25,6.5,5.75,6.5,6.75,5.75,6.75,7,7.25,7.5,0.75,1.5,8
"176",64000300,1,3,3,2,1,2,2,1,1,8,6,9,6,6,7,7,8,8,8,8,6,3,3,8
"177",64000310,1.83333333333333,3.33333333333333,3.33333333333333,2.33333333333333,2,2.83333333333333,2.33333333333333,2.33333333333333,2,7.2,6.66666666666667,6.5,4.66666666666667,6.66666666666667,6.16666666666667,7,5.33333333333333,6.83333333333333,5.83333333333333,5.16666666666667,6.5,2.66666666666667,3.66666666666667,7.33333333333333
"178",64000370,2,4,3,2,2,4,3,2,3,10,9,6,7,6,7,6,5,9,10,10,10,0,0,10
"179",65000010,2.0625,3.12658227848101,3.08641975308642,2.48101265822785,1.87341772151899,2.55128205128205,2.28571428571429,2.03896103896104,2.02564102564103,6.71153846153846,6.40740740740741,6.46913580246914,5.98765432098765,5.92592592592593,7.01234567901235,6.71604938271605,6.06172839506173,6.67901234567901,6.54320987654321,6.925,6.34567901234568,2.55555555555556,3.61728395061728,6.59259259259259
"180",65000020,2,2.9622641509434,2.92452830188679,2.52830188679245,1.92307692307692,2.41176470588235,2.09615384615385,1.90566037735849,2.13207547169811,6.29032258064516,6.03703703703704,6.83333333333333,6.0188679245283,6.0377358490566,6.74074074074074,6.98148148148148,6.14814814814815,6.37037037037037,6.84905660377358,6.88679245283019,6.47169811320755,2.15094339622642,3.33962264150943,6.94444444444444
"181",65000030,2.2089552238806,2.94202898550725,2.95588235294118,2.31884057971015,1.80597014925373,2.35820895522388,2.23880597014925,1.8955223880597,1.96923076923077,6.66666666666667,6.1,6.48571428571429,5.48571428571429,5.71014492753623,6.91428571428571,6.65714285714286,5.94285714285714,6.47142857142857,6.41428571428571,6.50724637681159,6.32857142857143,2.30434782608696,3.40579710144928,6.44927536231884
"182",65000040,1.6969696969697,3.09090909090909,3.12121212121212,2.33333333333333,1.63636363636364,2.57575757575758,2.15151515151515,1.81818181818182,1.90909090909091,6.96153846153846,6.60606060606061,6.66666666666667,5.75757575757576,5.93939393939394,7.45454545454545,6.51515151515152,6.3030303030303,6.27272727272727,6.60606060606061,6.60606060606061,6.3030303030303,2,2.42424242424242,6.90909090909091
"183",65000050,2.03703703703704,2.96296296296296,2.92592592592593,2.33333333333333,1.90566037735849,2.48148148148148,2.24074074074074,1.87037037037037,1.9811320754717,6.33333333333333,6.55555555555556,6.2962962962963,6.01851851851852,5.83018867924528,6.61111111111111,6.77777777777778,6.01851851851852,6.7037037037037,6.48148148148148,6.75471698113208,6.14814814814815,2.79245283018868,3.78846153846154,6.33333333333333
"184",65000060,2.16363636363636,3.01818181818182,2.98181818181818,2.16363636363636,1.70909090909091,2.69090909090909,2.4,2.01818181818182,2.01851851851852,7.02777777777778,6.8,6.4,6.36363636363636,6.16363636363636,7.29090909090909,7.03636363636364,6.4,6.78181818181818,6.67272727272727,6.85454545454545,6.76363636363636,2.07272727272727,3.27272727272727,6.87272727272727
"185",65000070,2.12,2.76,2.96296296296296,2.59259259259259,2.08,2.53846153846154,2.2,2.08,2.15384615384615,6.94117647058824,6.59259259259259,6.74074074074074,5.25925925925926,6.44444444444444,7.25925925925926,5.66666666666667,5.85185185185185,6.66666666666667,6.77777777777778,6.66666666666667,6.62962962962963,3.22222222222222,4.03703703703704,7.33333333333333
"186",65000080,1.90909090909091,3.09090909090909,3.27272727272727,3,2,3,2.4,2.09090909090909,2.09090909090909,6.14285714285714,6.63636363636364,7.54545454545455,6.54545454545455,7.09090909090909,7.18181818181818,7.72727272727273,6.27272727272727,7.09090909090909,6.54545454545455,6.54545454545455,6.45454545454545,1.81818181818182,3.09090909090909,7
"187",65000090,2.35294117647059,3,3.05882352941176,2.41176470588235,2,2.58823529411765,2.29411764705882,2.23529411764706,2.29411764705882,6.16666666666667,7.23529411764706,5.82352941176471,5.11764705882353,5.29411764705882,6.35294117647059,6.58823529411765,5.17647058823529,6.11764705882353,6.52941176470588,6.35294117647059,6,2.76470588235294,3.76470588235294,6.70588235294118
"188",65000100,2.10714285714286,2.60714285714286,2.53571428571429,2.07142857142857,1.89285714285714,2.46428571428571,2.14285714285714,1.60714285714286,1.96428571428571,7.52380952380952,6.67857142857143,6.46428571428571,6.21428571428571,6.07142857142857,7.42857142857143,7.03571428571429,6.10714285714286,6.32142857142857,6.35714285714286,6.5,5.96428571428571,2.53571428571429,3.42857142857143,6.64285714285714
"189",65000110,1.73333333333333,2.89655172413793,2.96666666666667,2.2,1.75862068965517,2.55172413793103,2.13333333333333,1.96666666666667,2.1,7.08695652173913,7,6.6,6.1,6.36666666666667,8.16666666666667,7.26666666666667,6.16666666666667,7.33333333333333,6.73333333333333,6.83333333333333,6.5,2.06666666666667,2.93333333333333,7.23333333333333
"190",65000120,2,3.5,2,2.5,2.5,3,1.5,2,2.5,4,6,3,3.5,7,7,4.5,4.5,4.5,6.5,6.5,5,5.5,6.5,4.5
"191",65000130,1.9,3.125,3,2.375,1.7,2.325,2.025,1.825,2.075,6.85185185185185,6.525,6.3,6,6.075,6.65,6.575,5.95,6.7,6.625,6.65,6.525,1.925,3.65,6.825
"192",65000140,1.7741935483871,3.21875,2.93548387096774,2.28125,1.83333333333333,2.45161290322581,2.1,1.89655172413793,2.09375,5.64705882352941,5.90909090909091,6.27272727272727,6.09090909090909,6.33333333333333,6.87878787878788,6.84848484848485,6.06060606060606,6.51515151515152,6.6969696969697,6.93939393939394,6.63636363636364,2.33333333333333,4.21212121212121,6.48484848484848
"193",65000150,2,3.42857142857143,2.57142857142857,2.42857142857143,2,2.71428571428571,2.14285714285714,2.28571428571429,1.85714285714286,6.5,6.14285714285714,6,6.57142857142857,6.14285714285714,6.85714285714286,7.42857142857143,6.71428571428571,7.85714285714286,7.71428571428571,7.28571428571429,7.57142857142857,1.14285714285714,2.85714285714286,8.14285714285714
"194",65000160,1.88235294117647,3.05882352941176,2.64705882352941,2.0625,2,2.76470588235294,2.25,1.8125,2.13333333333333,6.875,6.70588235294118,6.52941176470588,5.76470588235294,6,6.17647058823529,6.35294117647059,5.52941176470588,5.94117647058824,6.23529411764706,6.17647058823529,6.11764705882353,2.41176470588235,3.94117647058824,5.70588235294118
"195",65000170,2.4,2.95,2.95,2.05,1.84210526315789,2.66666666666667,2.05555555555556,1.78947368421053,2,7.83333333333333,6.94736842105263,8.05263157894737,7.21052631578947,7.26315789473684,7.78947368421053,8.1578947368421,7.36842105263158,8.05263157894737,7.78947368421053,7.63157894736842,7.47368421052632,1.73684210526316,2.57894736842105,7.44444444444444
"196",65000180,1.66666666666667,2.66666666666667,3.66666666666667,1.66666666666667,1.66666666666667,2.66666666666667,2.33333333333333,2,2,8,5.66666666666667,8,4.66666666666667,7.66666666666667,8.66666666666667,6,6.66666666666667,5.66666666666667,6.33333333333333,8.66666666666667,5.66666666666667,0,0.666666666666667,7.66666666666667
"197",65000200,2,2,4,3,2,3,2,2,2,8,10,3,6,7,8,7,7,7,6,6,7,1,1,7
"198",65000210,1.5,2.5,2.75,2,2.5,1.75,1,1,2.33333333333333,5,5.75,5,5.75,5.75,6.66666666666667,2,5.75,6.25,6.25,7.5,5,1.25,3.33333333333333,2.33333333333333
"199",65000230,2.33333333333333,3,2.66666666666667,2,1.83333333333333,2.33333333333333,2.16666666666667,1.5,1.66666666666667,6,5.66666666666667,5.83333333333333,6.16666666666667,5.5,6.5,6.83333333333333,6.16666666666667,7.33333333333333,6.5,6.33333333333333,6.33333333333333,2,4.33333333333333,7.5
"200",65000250,2,3,3,2,2,2,2,2,2,6,7,6,6,5,6,6,6,5,7,5,7,1,2,8
"201",65000270,1,2.5,3.5,2.5,2,2.5,2,1.5,2,5,7,7,6,8,8.5,7.5,7,7.5,6,6.5,6,2,1.5,7.5
"202",65000280,4,2,2,4,1,2,2,2,2,8,10,8,6,8,8,6,6,8,6,6,8,0,8,6
"203",66000010,3,3.5,3.5,2.5,3,3.5,3.5,3,3.5,8,7,8.5,6,8.5,8.5,8.5,8.5,9,6,6.5,5,2.5,4,5.5
"204",66000020,2.5,3.5,3,2.66666666666667,2.16666666666667,2.66666666666667,2.5,2.33333333333333,2.16666666666667,9,6.5,7.16666666666667,7,7.16666666666667,8.16666666666667,6.16666666666667,6.66666666666667,7.5,7.16666666666667,7.16666666666667,6.66666666666667,1.33333333333333,1.5,7.33333333333333
"205",66000030,1.92,2.84,3.12,1.96,1.84,2.29166666666667,2.16,2,2,7.25,6.76,6.12,6.32,6.48,7.4,7.08,6.4,7,6.68,6.88,6.4,2.08,2.92,6.68
"206",66000040,2.05555555555556,3,3,2.38888888888889,2,2.72222222222222,2.16666666666667,1.88888888888889,2,6.16666666666667,6.55555555555556,6.22222222222222,6.44444444444444,6.38888888888889,6.94444444444444,6.5,6.44444444444444,6.05555555555556,6.33333333333333,6.5,6.94444444444444,1.33333333333333,2.61111111111111,6.94444444444444
"207",66000050,2.25,2.8125,3,2.375,2,2.5625,1.9375,1.6875,2,6.61538461538461,6.625,7.25,6.375,7.0625,7.5,7.5,6.625,7.625,7.0625,7,6.8125,2.1875,2.875,7.375
"208",66000060,2.0952380952381,2.95454545454545,2.81818181818182,2.38095238095238,1.63636363636364,2.4,2.23809523809524,2.09090909090909,1.85714285714286,5.9375,6.90909090909091,6.59090909090909,5.95454545454545,6.45454545454545,6.59090909090909,6.77272727272727,6,6.18181818181818,6.36363636363636,6.63636363636364,6.04545454545455,2.31818181818182,3.59090909090909,6.68181818181818
"209",66000070,2.26923076923077,3.07692307692308,3.03846153846154,2.46153846153846,1.73076923076923,2.73076923076923,2.30769230769231,2.03846153846154,2.07692307692308,6.57142857142857,7.19230769230769,7.03846153846154,6.30769230769231,6.11538461538461,7.11538461538461,7.23076923076923,6.34615384615385,6.69230769230769,7.26923076923077,7.5,6.92307692307692,2.19230769230769,2.5,7.53846153846154
"210",66000080,1.85185185185185,3.10714285714286,3.03571428571429,2.21428571428571,1.71428571428571,2.28571428571429,1.96428571428571,1.67857142857143,1.82142857142857,6.75,7,6.71428571428571,5.67857142857143,6.17857142857143,7,6.60714285714286,6.03571428571429,6.42857142857143,7.10714285714286,7,6.32142857142857,2.27586206896552,2.96428571428571,6.44827586206897
"211",66000090,2.36842105263158,2.84210526315789,3.21052631578947,2.57894736842105,2,2.57894736842105,2.55555555555556,2.10526315789474,2.22222222222222,7.38461538461539,7,7.05,7.10526315789474,7.25,7.45,7.45,7.15,6.55,7.15,7.2,7,1.6,2.45,7.55
"212",66000100,1.66666666666667,3.66666666666667,3.33333333333333,2.33333333333333,1.66666666666667,2,2.33333333333333,1.66666666666667,1.66666666666667,9,9,7.33333333333333,5.33333333333333,5,8,6.66666666666667,5.66666666666667,8.33333333333333,8.66666666666667,6.66666666666667,6.66666666666667,1,2,7.33333333333333
"213",66000110,2.3,3.2,3.3,2.6,2.1,2.44444444444444,2.22222222222222,2.2,2.2,6.5,7.1,7.1,5.8,6.1,7.5,7.2,6.7,7.8,7.2,7.3,6.4,0.9,2.5,7.3
"214",66000120,1,4,4,3,3,3,2,2,2,10,10,10,5,10,10,8,6,10,5,6,6,0,0,8
"215",66000130,2.33333333333333,3,2.83333333333333,2.33333333333333,1.83333333333333,2.16666666666667,2.08333333333333,1.83333333333333,1.91666666666667,6.57142857142857,6.08333333333333,6.83333333333333,5.58333333333333,6.41666666666667,7.08333333333333,6.83333333333333,6.66666666666667,7.75,6.58333333333333,7,7.16666666666667,2.58333333333333,3,7.5
"216",66000140,1.83333333333333,2.83333333333333,2.83333333333333,2,2,2.16666666666667,2.16666666666667,2,1.66666666666667,7.16666666666667,5.83333333333333,7.66666666666667,6.66666666666667,6.83333333333333,7.5,7.5,6.5,7.16666666666667,6.66666666666667,6.66666666666667,6.83333333333333,2.33333333333333,4.33333333333333,7.5
"217",66000150,2.25,3.75,3,2.75,2.5,3.5,2.66666666666667,1.33333333333333,2.25,5.5,4.25,6,6,7.5,7.25,7.75,6,6.5,7,6.5,4.5,1.75,2.5,6.75
"218",66000160,2,2.6,3,2.75,3,2.8,1.8,1.6,2.2,6.5,7.6,8,7.8,6.4,8,6,4,5.8,7.4,6.6,6.2,3.4,1.75,6.25
"219",66000170,2.33333333333333,3.33333333333333,3,2.22222222222222,1.88888888888889,2.88888888888889,2.44444444444444,2.22222222222222,2.11111111111111,7.16666666666667,7.55555555555556,7.77777777777778,4.88888888888889,5.55555555555556,6.66666666666667,6.88888888888889,6.55555555555556,7,6.77777777777778,7.33333333333333,6.44444444444444,3.11111111111111,3.66666666666667,6.88888888888889
"220",66000180,1.58333333333333,3.08333333333333,3.08333333333333,2.25,1.66666666666667,2.58333333333333,2.08333333333333,1.75,1.75,6.88888888888889,7.08333333333333,6.16666666666667,5,6,6.25,7,5.5,6,6.66666666666667,6.5,6.5,2,4.25,6.83333333333333
"221",66000190,2,3.5,2.5,2.5,2,2.5,2,1,2.5,8,9,9,5,6.5,9,8,6.5,6,7,6.5,6.5,1.5,1,6.5
"222",66000200,1.5,3,2.5,2,2,2.5,2,1.5,2,2,6,7,5.5,5,6.5,7.5,5.5,5.5,7.5,6.5,6.5,2.5,3,8.5
"223",66000210,3,3,2.66666666666667,2.33333333333333,1.66666666666667,3,2.33333333333333,2,1.66666666666667,7.33333333333333,7.33333333333333,7,6,7,7.66666666666667,6,6,7.33333333333333,8,7,7.33333333333333,0.666666666666667,2.66666666666667,8
"224",66000220,2,4,4,1,2,4,2,3,3,7,8,8,6,6,5,6,5,10,5,6,5,0,0,5
"225",66000230,2.58333333333333,2.83333333333333,3,2.58333333333333,2.25,3,2.83333333333333,2.09090909090909,2.18181818181818,7.2,6.41666666666667,6.33333333333333,5.91666666666667,5.75,6.33333333333333,6.75,5.58333333333333,6.08333333333333,5.91666666666667,6.91666666666667,5.16666666666667,2.41666666666667,4.16666666666667,5.91666666666667
"226",66000240,1.83333333333333,3,3.33333333333333,3,1.83333333333333,2.66666666666667,2.83333333333333,2,2.33333333333333,7.33333333333333,7,6.33333333333333,5.33333333333333,5.83333333333333,6.5,6.5,6.33333333333333,6.5,6.33333333333333,6.16666666666667,7,2.16666666666667,3.5,7.16666666666667
"227",66000250,2.14285714285714,2.85714285714286,2.85714285714286,2.71428571428571,1.85714285714286,2.42857142857143,2.14285714285714,2,1.85714285714286,6.6,4.57142857142857,6.42857142857143,5.85714285714286,6.14285714285714,7.28571428571429,7.57142857142857,6,7.57142857142857,6.42857142857143,7.71428571428571,6.57142857142857,1.85714285714286,3.28571428571429,7.85714285714286
"228",66000260,2.75,3.75,2.75,2.25,1.75,2.75,2,2.5,2.33333333333333,5.66666666666667,6,7,6,6.25,8.75,5,5,4.75,7.25,7.5,6.5,4,4.5,4
"229",66000270,2.28571428571429,2.92857142857143,2.82142857142857,2.62962962962963,2.07407407407407,2.62962962962963,2.17857142857143,2.03703703703704,1.96296296296296,6.83333333333333,6.35714285714286,6.82142857142857,6.17857142857143,6.14285714285714,6.92857142857143,6.89285714285714,6.21428571428571,7,6.82142857142857,6.78571428571429,6.67857142857143,2.57142857142857,3.51851851851852,7.10714285714286
"230",66000280,2.0952380952381,3.14285714285714,2.95238095238095,2.5,2.04761904761905,2.59090909090909,2.28571428571429,2,2.28571428571429,6.84615384615385,7.09090909090909,6.72727272727273,6.95454545454545,6.72727272727273,7.36363636363636,7.81818181818182,6.95454545454545,7.59090909090909,7.40909090909091,7.40909090909091,7.36363636363636,2.13636363636364,3.09090909090909,7.45454545454545
"231",67000010,2.38461538461538,2.76923076923077,2.84615384615385,2.53846153846154,1.46153846153846,2.46153846153846,2.30769230769231,2,1.84615384615385,7,6.76923076923077,6.53846153846154,6.53846153846154,6,6.76923076923077,7.07692307692308,6.84615384615385,6.76923076923077,7,6,6.69230769230769,4.15384615384615,4.61538461538461,7.07692307692308
"232",67000020,2.33333333333333,3,3,2.33333333333333,2.66666666666667,3,2,1.66666666666667,2,5.5,7.66666666666667,7,6,4.66666666666667,4.66666666666667,5,3.33333333333333,4.33333333333333,5,6.33333333333333,6.66666666666667,2.66666666666667,2,6
"233",67000050,1.66666666666667,3,3,2.66666666666667,1.66666666666667,2.66666666666667,2.66666666666667,2,2.66666666666667,6.66666666666667,7.33333333333333,6.66666666666667,4,5,6.66666666666667,5.33333333333333,5,7,6.33333333333333,6.33333333333333,6,1.66666666666667,2.33333333333333,7
"234",67000070,2.5,2.66666666666667,3,2.33333333333333,1.66666666666667,2.66666666666667,2.5,1.83333333333333,2.5,6.5,7.16666666666667,5.5,6.66666666666667,7,7,6.83333333333333,6.33333333333333,6.5,6.66666666666667,7.33333333333333,6.5,1.83333333333333,2.83333333333333,7
"235",67000080,3,4,3,2,1.5,3,1.5,2,1.5,8,7,8,6.5,7,7.5,6,7.5,7,7.5,6.5,6,0,1.5,8
"236",67000090,2.25,3,2.25,2.25,2,2.75,2,1.25,2,7,7.75,7.25,7.5,8,7.25,7.75,7.5,7.75,8.5,7.75,8.5,2,4,7.5
"237",67000100,2,3,3,2.5,2,3.25,2,2.25,1.75,5.33333333333333,6.75,6.75,6.75,6.25,7.25,5.75,6,7.25,5.75,6.75,7,4.75,5.25,5.25
"238",67000110,1,4,4,3,3,3,3,1,3,6,5,7,6,10,6,5,5,7,5,7,7,0,3,7
"239",67000120,2.14285714285714,3.14285714285714,3.14285714285714,1.85714285714286,2.42857142857143,2.71428571428571,2.42857142857143,2,1.83333333333333,7.25,6.57142857142857,7.28571428571429,6.71428571428571,7.28571428571429,7.71428571428571,7.71428571428571,7.14285714285714,7.14285714285714,6.71428571428571,7.71428571428571,7.14285714285714,2.28571428571429,3.28571428571429,7.42857142857143
"240",67000130,1.5,3,2.5,1,2,2,2,1,2,6,6,5,5,6.5,6.5,7.5,6.5,6.5,5,5,5,4,6.5,4
"241",67000140,2.33333333333333,3.33333333333333,3.33333333333333,3.33333333333333,2.33333333333333,3,2.66666666666667,2.66666666666667,2.66666666666667,6,7.66666666666667,7.66666666666667,6.66666666666667,6,7.66666666666667,7.66666666666667,6.66666666666667,7.33333333333333,7.33333333333333,6.66666666666667,8,0,0.666666666666667,8.66666666666667
"242",67000180,2.5,3.14285714285714,3,2.5,2.25,3.25,2.28571428571429,1.57142857142857,2.28571428571429,7.33333333333333,7.25,6.75,5.875,6.375,6.25,6.875,6.5,5.875,7.25,6.28571428571429,6.875,1.875,3,6.375
"243",67000190,2.25,3,2.6,2.4,2.2,2.5,3,2.25,2.75,6,8,8.2,6.2,6.4,7.6,5.8,8.2,7.8,5.2,7.4,7.2,4.2,5.8,7.8
"244",67000200,2.33333333333333,3,3.33333333333333,2.5,2,3,2,1.5,2.33333333333333,6.66666666666667,6,5.5,7.33333333333333,6.66666666666667,8.16666666666667,7.16666666666667,6.33333333333333,7.5,7.16666666666667,6.83333333333333,8,1.83333333333333,2.83333333333333,6.83333333333333
"245",67000210,2,3,2.71428571428571,2.14285714285714,1.83333333333333,2.28571428571429,2,1.42857142857143,1.57142857142857,6.5,6.28571428571429,7.42857142857143,6.14285714285714,6,5.28571428571429,6.57142857142857,6.57142857142857,6.71428571428571,6.57142857142857,7.57142857142857,7,2.42857142857143,2.85714285714286,7.14285714285714
"246",67000270,2,2.75,2.75,2.15,1.78947368421053,2.85,2.05,1.8,2.2,7,6.6,6.15,5.9,6.4,6.25,6.6,6.25,6.6,6.5,6.94736842105263,6.65,2.35,2.85,6.6
"247",67000280,2.125,3.25,3.25,2.375,2,3,2.625,2,2,8.25,6.875,7.75,5.875,6.375,7,6.75,7.14285714285714,7.25,7.71428571428571,7.25,6.875,2.125,2.125,7.875
"248",67000290,2,2.33333333333333,2,1.66666666666667,1.66666666666667,3,1.33333333333333,1.33333333333333,1.33333333333333,7,7.66666666666667,5.66666666666667,6.33333333333333,6.33333333333333,7.33333333333333,7,7,7,7.66666666666667,7,6.66666666666667,1.66666666666667,3.33333333333333,7.33333333333333
"249",67000310,2.40625,3.03125,3.03125,2.5625,2.03125,2.96875,2.58064516129032,1.93548387096774,2.15625,7.42105263157895,7.15625,6.8125,6.84375,6.875,7.125,7.25,6.4375,6.65625,7.3125,7.21875,7.15625,2,3.09375,7.09375
"250",67000320,2.11111111111111,2.92592592592593,3.03703703703704,2.18518518518519,2.03703703703704,2.74074074074074,2.18518518518519,1.96296296296296,2.11111111111111,7.54545454545455,7.33333333333333,6.77777777777778,6.37037037037037,6.66666666666667,6.85185185185185,6.88888888888889,6.37037037037037,6.48148148148148,7.2962962962963,7,7.18518518518519,2.59259259259259,3.66666666666667,7.40740740740741
"251",67000330,2.0625,3.0625,3,2.25,2,3.0625,2,1.8,2.13333333333333,7.30769230769231,6.6875,6.5,7.125,7,6.6875,7.3125,6.5625,6.625,7.5,6.8125,7.5,1.8125,2.6875,7.875
"252",67000340,2.09090909090909,3.22727272727273,3.33333333333333,2.45454545454545,2,2.86363636363636,2.36363636363636,2.13636363636364,2.36363636363636,6.625,6.5,5.90909090909091,5.86363636363636,6.09090909090909,6.27272727272727,6.59090909090909,6.13636363636364,6.63636363636364,6.45454545454545,6.59090909090909,6.54545454545455,2.18181818181818,2.54545454545455,7.09090909090909
"253",67000350,2.13333333333333,2.73333333333333,2.86666666666667,2.5,2.10344827586207,2.96666666666667,2.16666666666667,1.8,2.2,7.47619047619048,6.96666666666667,6.8,6.33333333333333,6.56666666666667,7,6.26666666666667,6.23333333333333,6.56666666666667,6.93333333333333,6.53333333333333,6.43333333333333,2.26666666666667,3.6,6.8
"254",67000360,2.22222222222222,3.11111111111111,3,2.44444444444444,1.77777777777778,3.11111111111111,2.11111111111111,2,1.77777777777778,6,7.44444444444444,5.55555555555556,6.11111111111111,6.88888888888889,7.33333333333333,7.44444444444444,6.33333333333333,7.33333333333333,7.33333333333333,7.66666666666667,6.77777777777778,3.22222222222222,4.11111111111111,6.66666666666667
"255",67000370,2.25,2.75,3.25,2,1.75,2.5,2.25,2.25,2.25,6.5,7.25,7.25,6.75,6,6.5,6.75,6.25,6.75,7.25,7.75,7.25,2.5,4.5,7.75
"256",68000010,2.03225806451613,2.95161290322581,2.93548387096774,2.19354838709677,1.87096774193548,2.61290322580645,2.08064516129032,1.82258064516129,2.12903225806452,6.64102564102564,6.796875,6.34920634920635,6.04918032786885,6.65625,7.20967741935484,6.953125,6.26984126984127,6.65625,6.53968253968254,6.93548387096774,6.58730158730159,2.62903225806452,3.66129032258065,6.81967213114754
"257",68000020,2.07692307692308,3.12307692307692,3.03076923076923,2.44615384615385,1.72307692307692,2.61538461538462,2.25396825396825,1.92063492063492,1.984375,6.82978723404255,6.49230769230769,6.38461538461539,6.50769230769231,6.33846153846154,7.26153846153846,7.21538461538462,6.67692307692308,7,7.23076923076923,7.13846153846154,6.78461538461538,1.98461538461538,2.53846153846154,7.16923076923077
"258",68000030,1.92857142857143,3,3,2.21428571428571,2,2.71428571428571,2.28571428571429,1.76923076923077,1.85714285714286,6.5,7,6.78571428571429,5.57142857142857,5.92857142857143,7.57142857142857,6.85714285714286,6.21428571428571,6.21428571428571,6.64285714285714,6.71428571428571,7,2.21428571428571,4,6.78571428571429
"259",68000040,2.32142857142857,3.37037037037037,3.25,2.35714285714286,1.89285714285714,2.53571428571429,2.46428571428571,2.14285714285714,2.10714285714286,7.21052631578947,7.32142857142857,7.33333333333333,6.92857142857143,6.28571428571429,7.71428571428571,6.78571428571429,7.5,7.25,7.53571428571429,7.67857142857143,7.71428571428571,2,3.21428571428571,7.07142857142857
"260",68000050,2.38095238095238,2.95238095238095,2.9047619047619,2.38095238095238,1.9047619047619,2.52380952380952,2.19047619047619,1.9047619047619,1.9047619047619,6.69230769230769,6.47619047619048,6.95238095238095,6.71428571428571,6.42857142857143,6.95238095238095,7.09523809523809,6.33333333333333,7.19047619047619,7.14285714285714,7.42857142857143,6.66666666666667,1.80952380952381,2.95238095238095,7.61904761904762
"261",68000060,2.8,2.75,3.2,2.75,2,3,2.5,2.25,2.5,6,6.66666666666667,6.33333333333333,7.66666666666667,6.5,7.66666666666667,6.5,7.5,7,7.16666666666667,6.5,6.66666666666667,3.5,4.83333333333333,6.33333333333333
"262",68000070,2.17391304347826,3.31818181818182,3.08695652173913,2.43478260869565,2.04545454545455,2.76190476190476,2.38095238095238,2,2.0952380952381,7.33333333333333,7.1304347826087,7,6.52173913043478,6.17391304347826,7.43478260869565,6.34782608695652,5.8695652173913,6.8695652173913,6.91304347826087,6.56521739130435,6.73913043478261,2.26086956521739,2.82608695652174,7.26086956521739
"263",68000080,2.28,3.08,3.125,2.375,2.125,2.84,2.41666666666667,2.16666666666667,2.25,7.13333333333333,6.44,6.375,6.29166666666667,6.04,6.84,6.4,5.72,6.04166666666667,6.76,6.875,6.58333333333333,1.96,3.56,7.28
"264",68000090,2.11764705882353,3.05882352941176,3.17647058823529,2.41176470588235,2.05882352941176,2.75,2.47058823529412,1.82352941176471,2.11764705882353,6.77777777777778,6.88235294117647,6.29411764705882,6.23529411764706,6.35294117647059,6.58823529411765,6.64705882352941,5.76470588235294,6.35294117647059,6.52941176470588,6.29411764705882,6.88235294117647,2.76470588235294,3.17647058823529,6.64705882352941
"265",68000100,2.07142857142857,2.96428571428571,2.85714285714286,2.39285714285714,2.07692307692308,2.77777777777778,2.2962962962963,1.96296296296296,1.96296296296296,7.1,6.39285714285714,6.42857142857143,6.07142857142857,6.39285714285714,6.67857142857143,6.71428571428571,6,6.32142857142857,6.57142857142857,6.78571428571429,6.39285714285714,3.64285714285714,4.32142857142857,6.75
"266",68000110,1.66666666666667,3.33333333333333,3,2.66666666666667,1,3,2.66666666666667,2,2,8,7,9.33333333333333,8,8.66666666666667,9,8.66666666666667,7,7,8.33333333333333,8.66666666666667,8.66666666666667,0,1.66666666666667,7
"267",68000120,2,3,2.5,2,2.16666666666667,2.8,2,2,2.16666666666667,7.66666666666667,6.83333333333333,5.66666666666667,6.33333333333333,6.83333333333333,6.83333333333333,7,6.83333333333333,7,6.5,5.66666666666667,6.66666666666667,3.16666666666667,4.33333333333333,6.83333333333333
